{
    "gaussian_blur_ablate_ode": {
        "lpips": [
            0.20349484980106353,
            0.19751740694046024,
            0.1961611554026604,
            0.1934280589222908,
            0.18858936056494713,
            0.1846860222518444,
            0.182074011862278,
            0.18080683797597885
        ],
        "ssim": [
            0.8038290411233902,
            0.8092544078826904,
            0.8077857375144959,
            0.8063102722167969,
            0.8040212631225586,
            0.8015455484390259,
            0.7991992920637131,
            0.7977439403533936
        ],
        "psnr": [
            28.26163339614868,
            28.324120903015135,
            28.25578546524048,
            28.1782187461853,
            28.066192436218262,
            27.933430099487303,
            27.814152908325195,
            27.74130449295044
        ],
        "meas_error": [
            476.3628692626953,
            476.8555709838867,
            476.51240997314454,
            476.322444152832,
            476.18480377197267,
            476.1104034423828,
            476.08129730224607,
            476.06419830322267
        ]
    },
    "phase_retrieval_ablate_ode": {
        "lpips": [
            0.1147467128932476,
            0.11054204814136027,
            0.10030108820647002,
            0.09673306606709955,
            0.09424756839871408,
            0.09624640885740518,
            0.09410123415291308,
            0.09694444574415684
        ],
        "ssim": [
            0.8912226498126984,
            0.8938180893659592,
            0.899384605884552,
            0.9003433585166931,
            0.8999547451734543,
            0.897123908996582,
            0.8980501770973206,
            0.8954520702362061
        ],
        "psnr": [
            31.21828689575195,
            31.322706317901613,
            31.649387264251708,
            31.68375997543335,
            31.784062671661378,
            31.54313716888428,
            31.711159896850585,
            31.44619426727295
        ],
        "meas_error": [
            1080.8841369628906,
            1081.6419067382812,
            1072.1681762695312,
            1067.3096435546877,
            1064.855450439453,
            1063.3598510742188,
            1063.069781494141,
            1062.5713928222656
        ]
    },
    "down_sampling_ablate_ode": {
        "lpips": [
            0.20018571689724923,
            0.1950097300112247,
            0.18466549254953865,
            0.17708000130951404,
            0.1714248389005661,
            0.168107645586133,
            0.16660716943442822,
            0.16587781645357608
        ],
        "ssim": [
            0.8268048495054245,
            0.8298080652952194,
            0.8324835151433945,
            0.8320705115795135,
            0.8296678096055985,
            0.827044740319252,
            0.8249834448099136,
            0.823636594414711
        ],
        "psnr": [
            28.557073020935057,
            28.619615173339845,
            28.631925964355467,
            28.54652490615845,
            28.37178440093994,
            28.21359157562256,
            28.09390144348145,
            28.014401149749755
        ],
        "meas_error": [
            32.99113368988037,
            31.935037040710448,
            30.22724657058716,
            29.31424207687378,
            28.806037425994873,
            28.55273942947388,
            28.403111934661865,
            28.305439472198486
        ]
    },
    "X": [
        1,
        2,
        4,
        8,
        16,
        32,
        64,
        128
    ]
}