{
    "down_sampling_ablate_sampler": {
        "lpips": [
            0.18793464452028277,
            0.16205418780446051,
            0.15878074951469898,
            0.1612830776721239,
            0.1655652742832899,
            0.16894399896264076,
            0.17482362315058708,
            0.18286186680197716
        ],
        "ssim": [
            0.7639543861150742,
            0.7938730001449585,
            0.8077692717313767,
            0.8182822704315186,
            0.8270952880382538,
            0.833632293343544,
            0.8356426745653153,
            0.8322881370782852
        ],
        "psnr": [
            26.935259437561037,
            27.38990592956543,
            27.756003761291502,
            28.10544376373291,
            28.34274778366089,
            28.546631240844725,
            28.60002555847168,
            28.327207374572755
        ],
        "meas_error": [
            24.55574655532837,
            30.763052654266357,
            31.624434375762934,
            30.545671272277833,
            29.15417537689209,
            28.169372177124025,
            27.782087993621825,
            27.87221517562866
        ]
    },
    "gaussian_blur_ablate_sampler": {
        "lpips": [
            0.20909082740545273,
            0.1830979853868485,
            0.17258951887488366,
            0.17105130068957805,
            0.17658305838704108,
            0.18513408303260803,
            0.1975044079124927,
            0.21598000675439835
        ],
        "ssim": [
            0.7117964059114457,
            0.7439376562833786,
            0.7718586981296539,
            0.7909077435731888,
            0.80506731569767,
            0.8112983703613281,
            0.809784471988678,
            0.8022047400474548
        ],
        "psnr": [
            25.048896980285644,
            25.8892578125,
            26.630834579467773,
            27.273244380950928,
            27.7672119140625,
            28.043455600738525,
            28.106810569763184,
            27.886087322235102
        ],
        "meas_error": [
            531.840121459961,
            499.42494049072263,
            487.223631286621,
            481.4486587524414,
            478.2571258544922,
            476.0867584228516,
            474.5991516113281,
            473.42760467529297
        ]
    },
    "phase_retrieval_ablate_sampler": {
        "lpips": [
            0.5443580016493798,
            0.386762210726738,
            0.212414687871933,
            0.121806113794446,
            0.09817510899156331,
            0.09433814715594054,
            0.09504679143428804,
            0.09841315895318983
        ],
        "ssim": [
            0.3626014918088913,
            0.5302294746041298,
            0.7433174028992653,
            0.8532022893428802,
            0.8916477143764496,
            0.9035336554050446,
            0.908106842637062,
            0.9087055444717408
        ],
        "psnr": [
            17.503004026412963,
            21.12265548706055,
            26.39672613143921,
            29.65628128051758,
            31.22521057128906,
            31.957943153381347,
            32.29310607910156,
            32.3129976272583
        ],
        "meas_error": [
            970.509732055664,
            1024.6323822021484,
            1054.084503173828,
            1063.6055419921877,
            1066.3031494140623,
            1065.6170288085937,
            1065.2883056640626,
            1065.4126098632812
        ]
    },
    "X": [
        8,
        16,
        32,
        64,
        128,
        256,
        512,
        1024
    ]
}