{
    "phase_retrieval_ablate_sigma": {
        "lpips": [
            0.09549710769206284,
            0.09387486577033996,
            0.09366095270961523,
            0.15184994898736476,
            0.28208005204796793,
            0.4677538275718689,
            0.5823204591870308,
            0.6488750457763672,
            0.6901899456977845
        ],
        "ssim": [
            0.9284559220075608,
            0.9242842435836792,
            0.9010492831468582,
            0.813947531580925,
            0.6232329130172729,
            0.35780167281627656,
            0.23278787806630136,
            0.162797611951828,
            0.119912251830101
        ],
        "psnr": [
            33.93893632888794,
            33.50098209381103,
            31.786568927764893,
            28.95640163421631,
            25.581909275054933,
            21.186768531799316,
            18.57418260574341,
            16.72476992607117,
            15.31805214881897
        ],
        "meas_error": [
            65.79467906951905,
            286.76209716796876,
            1066.2568969726562,
            2283.9000732421873,
            3847.5543701171873,
            8238.352612304687,
            14434.057763671875,
            22454.2130859375,
            32291.5626953125
        ]
    },
    "down_sampling_ablate_sigma": {
        "lpips": [
            0.16795200109481812,
            0.16812089458107948,
            0.17011327482759953,
            0.1914130203425884,
            0.27966189607977865,
            0.5012421399354935,
            0.6109765499830246,
            0.6617334067821503,
            0.6910686492919922
        ],
        "ssim": [
            0.8376357555389404,
            0.8359565705060958,
            0.8287624150514603,
            0.8092071413993835,
            0.7502733707427979,
            0.5219435974955559,
            0.3365087628364563,
            0.2371969074010849,
            0.18035420998930932
        ],
        "psnr": [
            28.700177669525143,
            28.620296955108643,
            28.31620626449585,
            27.696735191345216,
            26.378706550598142,
            22.464758491516115,
            19.14430875778198,
            16.90018424987793,
            15.302245092391969
        ],
        "meas_error": [
            7.375728583335876,
            12.192459058761596,
            28.7093466758728,
            52.0092378616333,
            67.16099491119385,
            74.53965377807617,
            76.38278694152832,
            88.04492683410645,
            109.27523040771484
        ]
    },
    "gaussian_blur_ablate_sigma": {
        "lpips": [
            0.14759300723671914,
            0.15117666982114314,
            0.1835941419005394,
            0.2563149005174637,
            0.341757270693779,
            0.4796884894371033,
            0.56241445094347,
            0.615006810426712,
            0.6505998551845551
        ],
        "ssim": [
            0.822289201617241,
            0.8193772375583649,
            0.8007399529218674,
            0.7528750419616699,
            0.68481165766716,
            0.535483892261982,
            0.41034463942050936,
            0.3181481957435608,
            0.25201012194156647
        ],
        "psnr": [
            28.306973266601563,
            28.239458084106445,
            27.891713428497315,
            27.120058155059816,
            26.062039279937743,
            23.671467113494874,
            21.43574514389038,
            19.52838106155395,
            17.931794261932374
        ],
        "meas_error": [
            20.76866035461426,
            120.86585235595705,
            476.0974685668945,
            1065.064227294922,
            1887.9203002929687,
            4234.449072265625,
            7514.798681640625,
            11728.882421875,
            16876.87197265625
        ]
    },
    "X": [
        0.01,
        0.025,
        0.05,
        0.075,
        0.1,
        0.15,
        0.2,
        0.25,
        0.3
    ]
}