{
    "meas_error": {
        "sample": [
            [
                33.760684967041016
            ],
            [
                34.452789306640625
            ],
            [
                33.6170768737793
            ],
            [
                33.782230377197266
            ]
        ],
        "mean": [
            33.760684967041016,
            34.452789306640625,
            33.6170768737793,
            33.782230377197266
        ],
        "std": [
            0.0,
            0.0,
            0.0,
            0.0
        ],
        "max": [
            33.760684967041016,
            34.452789306640625,
            33.6170768737793,
            33.782230377197266
        ],
        "min": [
            33.760684967041016,
            34.452789306640625,
            33.6170768737793,
            33.782230377197266
        ]
    },
    "psnr": {
        "sample": [
            [
                30.656810760498047
            ],
            [
                20.644824981689453
            ],
            [
                31.377744674682617
            ],
            [
                31.063282012939453
            ]
        ],
        "mean": [
            30.656810760498047,
            20.644824981689453,
            31.377744674682617,
            31.063282012939453
        ],
        "std": [
            0.0,
            0.0,
            0.0,
            0.0
        ],
        "max": [
            30.656810760498047,
            20.644824981689453,
            31.377744674682617,
            31.063282012939453
        ],
        "min": [
            30.656810760498047,
            20.644824981689453,
            31.377744674682617,
            31.063282012939453
        ]
    },
    "ssim": {
        "sample": [
            [
                0.8354067802429199
            ],
            [
                0.6042032241821289
            ],
            [
                0.8507483005523682
            ],
            [
                0.865226149559021
            ]
        ],
        "mean": [
            0.8354067802429199,
            0.6042032241821289,
            0.8507483005523682,
            0.865226149559021
        ],
        "std": [
            0.0,
            0.0,
            0.0,
            0.0
        ],
        "max": [
            0.8354067802429199,
            0.6042032241821289,
            0.8507483005523682,
            0.865226149559021
        ],
        "min": [
            0.8354067802429199,
            0.6042032241821289,
            0.8507483005523682,
            0.865226149559021
        ]
    },
    "lpips": {
        "sample": [
            [
                0.17181190848350525
            ],
            [
                0.30130815505981445
            ],
            [
                0.2288016378879547
            ],
            [
                0.18533475697040558
            ]
        ],
        "mean": [
            0.17181190848350525,
            0.30130815505981445,
            0.2288016378879547,
            0.18533475697040558
        ],
        "std": [
            0.0,
            0.0,
            0.0,
            0.0
        ],
        "max": [
            0.17181190848350525,
            0.30130815505981445,
            0.2288016378879547,
            0.18533475697040558
        ],
        "min": [
            0.17181190848350525,
            0.30130815505981445,
            0.2288016378879547,
            0.18533475697040558
        ]
    }
}